Student Name,Student ID,UTORid,Email
Jeno McGiven,3232322581,aqarpp48,jmcgiven0@miibeian.gov.cn
Rockey Sterte,3616050898,wueqqt87,rsterte1@umich.edu
Shaina Gaitskill,4363283580,wqqvlm19,sgaitskill2@answers.com
Myrna Sirett,3548244556,abngaw58,msirett3@usa.gov
Olwen Chesters,720017874,kysyoc48,ochesters4@google.it
Julia Burnip,6170312181,lhwgff12,jburnip5@cocolog-nifty.com
Georgeanne Kochlin,7445432264,nxqecl78,gkochlin6@netscape.com
Garvy Bonefant,5898709193,tpcqer48,gbonefant7@europa.eu
Robin Paule,3611073768,medmsw55,rpaule8@clickbank.net
Reginauld MacCosty,8803648674,foqrqm94,rmaccosty9@stanford.edu
Clare Pallis,7306204548,gyijfx32,cpallisa@multiply.com
Karylin Cristobal,2177115973,gvqxjp55,kcristobalb@cnet.com
Chester Burford,9449385386,quredu23,cburfordc@abc.net.au
Gardie O' Driscoll,7560600670,ggcfbl26,god@wordpress.org
Waring Fer,9539916232,mjlamv77,wfere@desdev.cn
Angie Philipet,1976364337,ptjxrr78,aphilipetf@macromedia.com
Hailee Torri,1987551478,hyleni54,htorrig@mozilla.org
Avery Hovington,6075328092,midsfw59,ahovingtonh@epa.gov
Debby Prantoni,9895156030,julxhv63,dprantonii@ucoz.ru
Bobbe Pudner,3249584673,ccqoof62,bpudnerj@spiegel.de
Mendel Lindenstrauss,7166317221,zlxigi02,mlindenstraussk@gizmodo.com
Fleming Manske,3161838629,mnphba84,fmanskel@china.com.cn
Alma Wassung,3316353224,rppvxl78,awassungm@nhs.uk
Midge Kite,3100900480,mbhwil20,mkiten@webeden.co.uk
Armstrong Quadri,9369136452,rpnson74,aquadrio@sakura.ne.jp
Bartolomeo Greated,8310934513,ljvnsz23,bgreatedp@army.mil
Carlo Franssen,1105316084,tzvbqw26,cfranssenq@si.edu
Mel Mival,5554105505,qcjhuu32,mmivalr@mit.edu
Cordey Boutellier,2121387145,etrawd19,cboutelliers@tamu.edu
Roz Verring,5655206455,gsxpmf97,rverringt@engadget.com
Josephine Shuttell,4353318403,kbftvy60,jshuttellu@miibeian.gov.cn
Mendie Pynner,5479321315,wscsmd13,mpynnerv@ocn.ne.jp
Humberto Banker,2622783701,kdkcbf99,hbankerw@theguardian.com
Delia Fallows,833332791,yqsobc60,dfallowsx@usa.gov
Alicia Robotham,1987329457,qhkgry60,arobothamy@tmall.com
Joan Vesco,5288032041,akivjj75,jvescoz@1und1.de
Linus Bygrove,6823763329,pyizkd42,lbygrove10@biglobe.ne.jp
Jaquith Causton,679319344,pkofbf47,jcauston11@goo.ne.jp
Maribelle Theuss,2906587370,ieokfx49,mtheuss12@ycombinator.com
Misty Inglefield,9421786521,bxuczn79,minglefield13@sphinn.com
Arleyne Raigatt,719331048,gqzfvm26,araigatt14@uol.com.br
Massimo Mertgen,8662827217,szoruf56,mmertgen15@typepad.com
Shelby Vergo,3939437298,mcplsg26,svergo16@archive.org
Lian Necolds,3752062762,bckuku11,lnecolds17@scribd.com
Sherm Mohring,9868574099,edzgxp21,smohring18@wufoo.com
Carri MacCourt,739717979,coqtwz79,cmaccourt19@webnode.com
Celene Tetley,2627776754,cvvdmn41,ctetley1a@dedecms.com
Yovonnda Margetson,6190828388,ywmjak86,ymargetson1b@newsvine.com
Hubie Pardoe,2958472647,pqxkpg14,hpardoe1c@msn.com
Jimmy Neame,711020051,iwvsrm29,jneame1d@gnu.org
Katerina Axten,1650888090,zckukd49,kaxten1e@ocn.ne.jp
Betta Bibey,1745431527,qxtcwp32,bbibey1f@flickr.com
Brodie Gianolini,5653289434,vhmbbt82,bgianolini1g@cbslocal.com
Eolande Sidwell,7354123560,koocoq77,esidwell1h@shinystat.com
Candie Waterhowse,7831722017,yxndrm24,cwaterhowse1i@php.net
Tina MacCosto,23249072,hyyoyn76,tmaccosto1j@telegraph.co.uk
Sherlock Yewdale,2020534649,gzdibp01,syewdale1k@yahoo.com
Tremaine Pressdee,2760493989,ultegs42,tpressdee1l@wufoo.com
Maritsa Biaggiotti,8041034020,dyamxm94,mbiaggiotti1m@sciencedaily.com
Durant Heppenspall,1953417426,cxwamd94,dheppenspall1n@studiopress.com
Helli Dank,8196957858,fllwnv40,hdank1o@instagram.com
Kayla Linklater,1486779573,atzmre60,klinklater1p@go.com
Coriss Goodred,6632424708,snuhsm28,cgoodred1q@nytimes.com
Margarethe Pinner,752563831,rtqoeu06,mpinner1r@ow.ly
Davey Hinkins,2910213919,xcnjpk62,dhinkins1s@163.com
Alexia Dorre,5321985359,chuwst38,adorre1t@disqus.com
Bee Dallander,6966963844,ewdxrv58,bdallander1u@usda.gov
Matthieu Rean,7027000105,zejrnq54,mrean1v@icio.us
Wye Knudsen,7178595914,noqoow15,wknudsen1w@tamu.edu
Jorey Grubey,5381024584,rsxsvr76,jgrubey1x@vimeo.com
Renault Ormesher,9762024540,ctenle88,rormesher1y@fotki.com
Sylvan Josskovitz,7898809386,hqeuvu91,sjosskovitz1z@vk.com
Mahmoud Stieger,9667125106,kwxwuv76,mstieger20@nps.gov
Leonora Schoffler,1401027768,aujjdp04,lschoffler21@pinterest.com
Atlante Grellis,4604908885,bfjmrp78,agrellis22@wikia.com
Steward Ianitti,4566649482,owshbm75,sianitti23@ucla.edu
Hamel Ferryn,2582494321,cwfdap80,hferryn24@economist.com
Amalee Wrigley,2589815077,sfzuvx33,awrigley25@ow.ly
Ariadne Seares,2858143811,mhxsbt29,aseares26@auda.org.au
Leicester Tight,520957733,zpibfq09,ltight27@senate.gov
Jannel Alaway,3181139122,pxkvgn40,jalaway28@google.com.br
Lonnie Barrick,8434519259,kpbupy85,lbarrick29@ucsd.edu
Chad Hefford,6126685016,asnxoi70,chefford2a@hc360.com
Charlie Ansill,9863317667,fpduiz72,cansill2b@theguardian.com
Brendan Gillanders,240418514,kbxbir20,bgillanders2c@archive.org
Moshe Pfeuffer,8426167454,femqer22,mpfeuffer2d@ihg.com
Garwin Jesson,8544870988,nqgnxv89,gjesson2e@cornell.edu
Waring Hedworth,8970907807,vnalsg14,whedworth2f@liveinternet.ru
Pen Micheli,5452005781,fvudbb76,pmicheli2g@jalbum.net
Minni Kondratovich,9050084710,tyiunm60,mkondratovich2h@usgs.gov
Marty Youings,3257778759,rphoxu82,myouings2i@blogger.com
Kata Gate,7097255099,omdyoa75,kgate2j@naver.com
Nat Ogle,3787221719,qeokbc06,nogle2k@dailymotion.com
Megen Allwood,5262599508,rogvay01,mallwood2l@pen.io
Michell Cupper,6368964448,jkrpeg84,mcupper2m@state.tx.us
Kirby Malden,3992299112,gqolag41,kmalden2n@list-manage.com
Giusto Parell,4541709988,hcrqse74,gparell2o@amazon.co.jp
Gilburt Molder,4558712057,sjkikg90,gmolder2p@seesaa.net
Hermine Heighway,7517649671,yuaurz47,hheighway2q@epa.gov
Jodie Syrie,6249178740,hozdef47,jsyrie2r@amazon.co.uk
Valerye Willimot,5120476430,cpbnlu54,vwillimot2s@weather.com
Christin Coppock.,4501619287,ogxwdn06,ccoppock2t@hugedomains.com
Sibyl Gerring,3411622385,yeqxnk43,sgerring2u@marriott.com
Kerry Cabrales,1567251706,gbsfnb72,kcabrales2v@spotify.com
Mickey Marcome,197655718,molhoc17,mmarcome2w@msu.edu
Andonis Dominico,3830469993,kvxctk60,adominico2x@sourceforge.net
Shell MacGinley,2474428402,jpqrzj82,smacginley2y@topsy.com
Carney Acedo,1912959615,cyuail92,cacedo2z@jiathis.com
Desiree Rowthorne,7130370440,vovzhq79,drowthorne30@zimbio.com
Noam Serrurier,7205975069,acbhac85,nserrurier31@redcross.org
Kendricks Yanshinov,6859716231,wzsojg75,kyanshinov32@plala.or.jp
Leodora Thow,1365930920,pxrarh75,lthow33@tumblr.com
Mendel Yeomans,3489652762,elxxrp29,myeomans34@storify.com
Orv Lytle,3703880147,hfegcg72,olytle35@bizjournals.com
Rusty Giacoppo,2616478749,ofgoar14,rgiacoppo36@about.com
Katey Garwill,3650528312,fjxvng11,kgarwill37@youku.com
Orran Degoy,8534881782,vnbicw08,odegoy38@state.gov
Kissie Skewes,6534210371,pvkkko59,kskewes39@domainmarket.com
Tull Newbold,9965729301,zrftmz17,tnewbold3a@cdbaby.com
Rodolfo Chazette,4175084959,yvtpgj70,rchazette3b@homestead.com
Barbe Logue,659376776,uhefqg18,blogue3c@etsy.com
Englebert Arnley,5175932497,vkgmyv56,earnley3d@kickstarter.com
Corey Anglin,4407148837,rogvdz14,canglin3e@google.cn
Gusty Robilart,832642967,ijifja90,grobilart3f@newsvine.com
Fairfax Cossins,4101366446,geerrk00,fcossins3g@google.nl
Hillery Cockroft,5962139089,fprsxv35,hcockroft3h@washington.edu
Maria Fraschetti,6560245888,bqwefz78,mfraschetti3i@senate.gov
Henrieta Armell,8451441890,uxxidi67,harmell3j@ebay.co.uk
Evvy Brownbill,6866530989,rmlibc94,ebrownbill3k@dedecms.com
Norry Sharphouse,4820387057,vbhaoy10,nsharphouse3l@columbia.edu
Pammi Mangion,7955958462,bgxnya64,pmangion3m@reverbnation.com
Luther Glayzer,6547417603,qwlzim09,lglayzer3n@addthis.com
Margaux Mouncher,7584078443,icicno94,mmouncher3o@craigslist.org
Merlina Winridge,1540710238,bfncvt62,mwinridge3p@theatlantic.com
Sandie Hurle,8385205292,xslblz12,shurle3q@samsung.com
Terri Sone,1197920242,sfvrpy40,tsone3r@springer.com
Terencio Joire,4460122804,uqpqip73,tjoire3s@storify.com
Gerry Alven,3887442652,cbknau36,galven3t@mapy.cz
Kathi Andreassen,399498249,axslbp75,kandreassen3u@shutterfly.com
Kelcie Sommersett,7548558139,rnbsez56,ksommersett3v@1und1.de
Sibby Howel,3990704494,eucahy23,showel3w@blogtalkradio.com
Artur Paroni,6217932970,mqqayq86,aparoni3x@netvibes.com
Talbot Eager,2012357555,yueice25,teager3y@networksolutions.com
Jacinda Swedeland,122413253,mqyqeh96,jswedeland3z@sphinn.com
Tynan Millam,7833968498,aslerx40,tmillam40@oakley.com
Dulci Bowers,5132953514,mshbvy16,dbowers41@feedburner.com
Lorens Craigs,2922604721,pfkmbh88,lcraigs42@cbsnews.com
Philipa Durbyn,9734695827,lmptah79,pdurbyn43@stumbleupon.com
Stefania Biglin,3300648858,twvqgp73,sbiglin44@discuz.net
Denyse Brace,4968494742,yfjwlu67,dbrace45@simplemachines.org
Roz Godlee,9830576817,zcwmub39,rgodlee46@smh.com.au
Fayre Piggens,1002075157,tlrkhk32,fpiggens47@a8.net
Garret Venables,8996000191,ildose95,gvenables48@tripadvisor.com
Thomasine Haydn,2024744907,vxkauv50,thaydn49@cam.ac.uk
Estell Robben,2718324473,vqlvxi97,erobben4a@wordpress.com
Seward Gebbie,5640901144,emlbyu51,sgebbie4b@soup.io
Leola Kundt,6577627762,wvfxsu11,lkundt4c@mail.ru
Irena Brammer,9581647325,hrzakf13,ibrammer4d@epa.gov
Ysabel McCook,7852098223,qhtfdb36,ymccook4e@seattletimes.com
Shepard Kleinstein,896778649,cmxcib98,skleinstein4f@hibu.com
Clarisse Scholefield,7137844960,jszskf22,cscholefield4g@abc.net.au
Aldo Seid,6207243250,riqxmc19,aseid4h@shutterfly.com
Charil Godlee,6379233458,aswfte84,cgodlee4i@newyorker.com
Sam McDonell,2487426462,tzuyvs34,smcdonell4j@blog.com
Tad Potell,6116985769,hdcale22,tpotell4k@altervista.org
Chrisy Leftly,4808661306,wvmyov82,cleftly4l@hao123.com
Francine Gilyott,1806403803,pvfiin31,fgilyott4m@hatena.ne.jp
Harmonie McDunlevy,2976126224,zbgbog08,hmcdunlevy4n@eventbrite.com
Far Leggon,5221090236,evgztz09,fleggon4o@acquirethisname.com
Allyson Domenico,3621727191,doaphn80,adomenico4p@cnet.com
Rhody Daymont,5579238630,qolaac62,rdaymont4q@eepurl.com
Filide Dawney,6082428110,nowzne17,fdawney4r@alibaba.com
Abbie Donan,1925629538,vpuwtw11,adonan4s@geocities.com
Doretta Wethered,390121290,kztvqn73,dwethered4t@photobucket.com
Annabal Millimoe,462919188,dibjno04,amillimoe4u@ibm.com
Urbain Gosnold,7269701431,mduycb55,ugosnold4v@fda.gov
Mariana Minucci,3946489915,wnrvds57,mminucci4w@hostgator.com
Westbrooke Connal,826571727,sajyqu80,wconnal4x@squarespace.com
Carroll MacAindreis,6943800582,fgqwpf01,cmacaindreis4y@auda.org.au
Kipp Adamovitz,8731200311,zbglub68,kadamovitz4z@youtube.com
Davina Hatchman,8023950770,mizaqc63,dhatchman50@mapquest.com
Heda Cocci,8547004998,romyra00,hcocci51@theguardian.com
Shanan Docherty,6952009000,rklpjo82,sdocherty52@pbs.org
Matthus Holley,4402414296,xsenlt26,mholley53@seattletimes.com
Cristin Bullent,7110197832,uvgrzb84,cbullent54@java.com
Lucinda Tomaszewicz,6430829448,gxnazr85,ltomaszewicz55@deliciousdays.com
Rasia Byars,8055990700,olhdrf85,rbyars56@blinklist.com
Filmore Sysland,6126103564,xbdkvn20,fsysland57@mozilla.org
Augie Gronauer,3141511152,eiqbya19,agronauer58@jugem.jp
Jenda Minigo,1862391033,xarpka13,jminigo59@rambler.ru
Lovell Baldetti,4406103287,tvniwb79,lbaldetti5a@facebook.com
Conn Lesly,2354580754,zxarqb04,clesly5b@mozilla.org
Jill Grote,8583998345,uyltvu23,jgrote5c@technorati.com
Clarance Tyers,8519979939,xlucah81,ctyers5d@archive.org
Ashbey Prise,8987531368,zispav30,aprise5e@cdc.gov
Sib Chatten,4678249230,wcmgur10,schatten5f@java.com
Christy Fulop,8778711002,juqzcg26,cfulop5g@merriam-webster.com
Kiley Paris,7615763878,zmqhgo65,kparis5h@ftc.gov
Madelle Welband,5312777137,cdnjnr13,mwelband5i@gizmodo.com
Edsel Vooght,9950192382,jysioj86,evooght5j@homestead.com
Field Constantinou,9536685558,qpvqat22,fconstantinou5k@ftc.gov
Ernestine Gaynesford,9432609367,lajkmr50,egaynesford5l@eventbrite.com
Stearn Abeau,9060380347,uelygn11,sabeau5m@myspace.com
Wilburt Bontine,4635800962,vfylqc20,wbontine5n@google.com
Sly Walliker,4402375878,vyxfie52,swalliker5o@xrea.com
Velma Klas,9414803742,yweqmn03,vklas5p@vk.com
Salomo Jess,7907755611,zlrbkt24,sjess5q@angelfire.com
Loreen Chrippes,404686923,lrcdpm29,lchrippes5r@nih.gov
Sheila-kathryn Mullaly,8735509147,mjbqej78,smullaly5s@nationalgeographic.com
Jeffie Thickett,1274719933,fkosxu17,jthickett5t@jalbum.net
Ferdinand Lysons,1690606142,vdahcl87,flysons5u@paginegialle.it
Chiquia Gornal,3946555020,gugqqw30,cgornal5v@diigo.com
Beverie Voules,5701570231,stvfxs85,bvoules5w@twitpic.com
Roxie Bowker,9587682688,mkavlg86,rbowker5x@toplist.cz
Junette Dederick,5268421425,pszvcz44,jdederick5y@nba.com
Rafferty Divell,292762267,rrdlhq35,rdivell5z@4shared.com
Lurlene Jedrzej,2841169146,xptrae70,ljedrzej60@addthis.com
Winifield Revill,5409493214,iyiqww80,wrevill61@goo.gl
Joy Cotsford,6951990336,tikass39,jcotsford62@vistaprint.com
Lonnie Olorenshaw,1432960350,rcmvwi19,lolorenshaw63@rediff.com
Wileen Ingleton,2721188011,goiijl22,wingleton64@google.cn
Bette-ann Yankeev,8542783905,kuotgt22,byankeev65@theatlantic.com
Orv Dowglass,1090877617,crbvuh29,odowglass66@wired.com
Aloisia Montfort,3726097309,fotzey45,amontfort67@vistaprint.com
Pierson Mourge,6254989034,wsbtzr95,pmourge68@nymag.com
Harmon Madge,588811785,cyxejl80,hmadge69@buzzfeed.com
Salomo Martinovic,3397753058,ioabwy80,smartinovic6a@usa.gov
Ramonda Shulem,9844730678,uycrnz14,rshulem6b@ow.ly
Gilberto Pele,1273738543,xxglvx28,gpele6c@mapquest.com
Shirlene Ellesworth,5898374310,edbwqq99,sellesworth6d@cmu.edu
Kessiah Vasyukhnov,1008112739,cjikxl07,kvasyukhnov6e@feedburner.com
Gauthier McOmish,4127436441,peqqex48,gmcomish6f@va.gov
Katrine Mation,2668697697,qiubeh46,kmation6g@webs.com
Valeria Smogur,3649589125,ujcrpk57,vsmogur6h@alibaba.com
Tonya Tugwell,4389855204,vyhiko52,ttugwell6i@posterous.com
Carmella Ochiltree,669699829,qndekt26,cochiltree6j@arstechnica.com
Annelise Willingam,8667655333,cpmlnn97,awillingam6k@topsy.com
Pippo Ickovic,6734927016,tgvbqb95,pickovic6l@addthis.com
Silvio Weldrake,5203015953,znglgl56,sweldrake6m@dmoz.org
Dalli Liven,5165851818,szzufw22,dliven6n@auda.org.au
Astra Houlson,3254341937,gneuwq78,ahoulson6o@seattletimes.com
Bernarr Bohike,8656571745,acxjlg20,bbohike6p@deliciousdays.com
Bebe Finlry,857796712,tymouq05,bfinlry6q@google.com.au
Velma Arnaudi,1408252120,ysxdti79,varnaudi6r@cyberchimps.com
Othilia Ortells,6059613845,bxqfdf48,oortells6s@fotki.com
Jodi Stiddard,5218369594,qvhixs12,jstiddard6t@cisco.com
Wandis Joanaud,5393866860,bojvjq29,wjoanaud6u@japanpost.jp
Sharlene Beavon,3343431621,ohnlyo93,sbeavon6v@msn.com
Prisca Perle,3798817103,kugcuk38,pperle6w@census.gov
Johnathan Hollyland,268554005,avhhte21,jhollyland6x@msn.com
Bink Fenwick,1587621940,cotpra79,bfenwick6y@mapquest.com
Bria Ben-Aharon,9964892683,zlyapk64,bbenaharon6z@comsenz.com
Kristine Delcastel,647578387,gcnqqq07,kdelcastel70@gizmodo.com
Hermon Crocumbe,4288152135,rqyjtz98,hcrocumbe71@elegantthemes.com
Keen Cheese,2216121967,zwdyam39,kcheese72@gizmodo.com
Ernaline Grange,267673205,hpcwga43,egrange73@cmu.edu
Wildon Van der Kruys,5810559433,qhnjfq50,wvan74@ocn.ne.jp
Nehemiah Henderson,7365759542,gjkrfc46,nhenderson75@desdev.cn
Giselbert Kasman,7789146610,olhfdl11,gkasman76@nhs.uk
Maure Girvan,9446867355,kusknj79,mgirvan77@census.gov
Zsazsa Rastrick,142336890,azlove69,zrastrick78@youtube.com
Ethelin Hathwood,3730787845,ttwntc11,ehathwood79@narod.ru
Lebbie Knok,7990844907,ewpjuj98,lknok7a@slate.com
Granville Roony,9947562743,dsvotq15,groony7b@census.gov
Jessika Woodger,778472566,vwmlzi10,jwoodger7c@auda.org.au
Thaddus Beeck,7857579696,iniynn68,tbeeck7d@globo.com
Johannah Skirvane,653560109,kacwqx82,jskirvane7e@disqus.com
Alain Hastewell,5463180652,cyulfe82,ahastewell7f@slashdot.org
Virgie Keningley,604190816,qlwyes09,vkeningley7g@ebay.com
Michaeline Bletso,5890735764,dijsau34,mbletso7h@i2i.jp
Celesta Croshaw,9104395190,bajvev91,ccroshaw7i@bluehost.com
Renato Coggin,6611967710,ntrswo10,rcoggin7j@163.com
Gustie Dulake,7557815513,izbtmz12,gdulake7k@gov.uk
Farly O'Fearguise,8519952097,rrlrsn31,fofearguise7l@flavors.me
Garwood Rook,9299222657,vbukar10,grook7m@bloglovin.com
Layne Proger,9757370606,ilbfwh49,lproger7n@weather.com
Torin Baxstar,5923687127,gqsdxa50,tbaxstar7o@fc2.com
Tobe Wrench,52198960,dbhlbf13,twrench7p@skyrock.com
Olia Rameaux,8332686563,bppqsd86,orameaux7q@paginegialle.it
Darby Humby,6356488786,etezcp52,dhumby7r@guardian.co.uk
Emery Gianiello,3720014517,gsfvqc34,egianiello7s@tinyurl.com
Rodger Berthomieu,2004311738,obvlwq62,rberthomieu7t@toplist.cz
Melloney Mabey,110426347,ltrcld80,mmabey7u@mail.ru
Martie Bradder,7438574091,mzvdrx44,mbradder7v@creativecommons.org
Dosi Kares,1344689353,frkaln65,dkares7w@seesaa.net
Venus Kirsop,6605469119,kbzrpt46,vkirsop7x@mayoclinic.com
Spenser Dalloway,3467316670,rxfenw69,sdalloway7y@hostgator.com
Giselle Abrahamian,5631413833,qbpyzb43,gabrahamian7z@icio.us
Antoni Jurick,7063629816,oyziih71,ajurick80@comsenz.com
Orsola Smalridge,6687406353,wbavep49,osmalridge81@theglobeandmail.com
Bibby Reiach,7053975533,jbwzlk32,breiach82@walmart.com
Alberik Henkens,1071123823,fzsocx16,ahenkens83@dmoz.org
Patty Strangman,1224263766,xovqmc73,pstrangman84@reverbnation.com
Jania Hatherley,8629070242,xrqevo91,jhatherley85@foxnews.com
Sauncho Mallaby,548323496,iymemk74,smallaby86@tmall.com
Dallas Krolik,4868051059,uioscn46,dkrolik87@dmoz.org
Brit Skain,2653710277,seeeuq48,bskain88@i2i.jp
Allayne Kydde,9261668445,sfctkv85,akydde89@bandcamp.com
Bell Roubottom,2305374267,olnlbe86,broubottom8a@gnu.org
Maurine Kless,8110222684,hzqxcb58,mkless8b@blog.com
Hyacinthia Pendock,7929696065,urookm50,hpendock8c@oakley.com
Emilio Catford,3486464817,vhzgbf40,ecatford8d@dropbox.com
Saraann Abbatucci,3200549505,kpsrxj04,sabbatucci8e@jiathis.com
Mariam Flew,5985764346,jhbtxo06,mflew8f@uiuc.edu
Kimbra Joddens,350302898,byeavs81,kjoddens8g@tinypic.com
Edy Mainston,6138746392,atdnjh03,emainston8h@squidoo.com
Hendrika Furphy,571905013,iblyfs36,hfurphy8i@comcast.net
Edd Clow,9064128545,hfbrtv67,eclow8j@slate.com
Guntar Wardhaw,5638433368,pctbpv71,gwardhaw8k@alibaba.com
Solomon Merrien,1271357348,kckoex60,smerrien8l@bizjournals.com
Elwood Ingray,3293324207,icsrye73,eingray8m@networkadvertising.org
Tamma Francklin,2314570650,mvdqvc78,tfrancklin8n@eepurl.com
Nevin Conor,3026416053,ranehs99,nconor8o@bluehost.com
Papagena Wiles,4424225828,gfankc52,pwiles8p@ihg.com
Jackqueline Crossman,5725046338,qvebob53,jcrossman8q@google.es
Moore Yearron,5217959703,rnavlq51,myearron8r@discuz.net
Ephrayim O'Cridigan,8513148326,ptkiju00,eocridigan8s@ebay.com
Leena Jambrozek,5355585892,whruag26,ljambrozek8t@soundcloud.com
Armand Towndrow,1894847210,eturrm20,atowndrow8u@google.es
Bonnie Pamment,5454670510,kojcog67,bpamment8v@slate.com
Stanislaus Girke,3679159633,undanz94,sgirke8w@prweb.com
Jaquith Chalkly,2366799012,ehnccc50,jchalkly8x@e-recht24.de
Deck Leys,1712036904,drjzeg75,dleys8y@reuters.com
Gilbertina Vaughan-Hughes,4380419274,mbohgg26,gvaughanhughes8z@columbia.edu
Thorndike Maliphant,829634339,srjlfi89,tmaliphant90@discovery.com
Tonye Francecione,9737219651,tkrkaz75,tfrancecione91@amazon.co.uk
Kyla Towll,5698759022,zkljhb86,ktowll92@merriam-webster.com
Garreth Weddup,2339083354,ethuxi69,gweddup93@photobucket.com
Rubetta Keough,7039397536,tphvkg03,rkeough94@netvibes.com
Cory McMeekin,5818135071,iftmjq56,cmcmeekin95@intel.com
Aubert Maggiore,2249350183,pnsogi34,amaggiore96@prweb.com
Livvy O'Luby,8405131019,ytfyhh99,loluby97@xrea.com
Farica Cohr,3845337915,qqcztr42,fcohr98@army.mil
Merv Livesay,7988502530,tllmgf83,mlivesay99@myspace.com
Melessa Beau,5330044278,poytvi78,mbeau9a@bloomberg.com
Morley De Vaar,846133946,qrijlf92,mde9b@lulu.com
Ricki Ludovici,5244453181,audfhk50,rludovici9c@senate.gov
Clive Copperwaite,6910009649,bkxygs03,ccopperwaite9d@army.mil
Ricki Shapcott,5895164269,phrtxi54,rshapcott9e@springer.com
Kelcie Heed,1699249369,vgjhfr45,kheed9f@dmoz.org
Byron Evans,605498911,ouqzzm55,bevans9g@ft.com
Filip Haglinton,5645925920,spfoie67,fhaglinton9h@qq.com
Khalil Okell,9578809344,toqenb58,kokell9i@paginegialle.it
Anatol Tyer,2076159967,mqvzjx37,atyer9j@answers.com
Sophey Lavies,3282752180,nvmtdm01,slavies9k@symantec.com
Milzie Orys,2849300411,dfxmfj59,morys9l@sohu.com
Powell Geraudel,3601558807,frwset88,pgeraudel9m@zimbio.com
Thomas Illiston,3639174356,fpsbku98,tilliston9n@elegantthemes.com
Alvera Landrieu,5902434106,pariol83,alandrieu9o@ihg.com
Arnold Siemon,1717066399,ahlumn12,asiemon9p@usatoday.com
Stephanie Hallihan,9953852383,ygmlbc23,shallihan9q@ameblo.jp
Sheppard Spatarul,676162614,mhfgke57,sspatarul9r@jiathis.com
Kirbee MacCahey,629807256,lttdqr50,kmaccahey9s@quantcast.com
Cara Hendrickx,8706843662,mskngh51,chendrickx9t@google.com.hk
Jesselyn Tyer,4706990335,cratvn51,jtyer9u@ehow.com
Hildy Saberton,8306062795,qswfoq63,hsaberton9v@flickr.com
Florrie Mulbery,7754128497,yiivki64,fmulbery9w@furl.net
Lian Suston,8365785870,trpzlc28,lsuston9x@flickr.com
Andrus Byneth,7869779857,grjlif32,abyneth9y@constantcontact.com
Annalee Ley,1961711346,lmecrw10,aley9z@so-net.ne.jp
Waite Viegas,8694183471,ycjynf14,wviegasa0@elpais.com
Lesli Rosgen,9872598517,ikeqfs43,lrosgena1@networkadvertising.org
Aline Pearson,5306430406,crckhc71,apearsona2@wikimedia.org
Ashlan Skinner,7341720808,nxztwl09,askinnera3@constantcontact.com
Irwin Craine,9662164707,temyka24,icrainea4@g.co
Rennie Smoughton,8258281070,pclsji76,rsmoughtona5@zimbio.com
Rollo Arndell,8732059337,mlvxwy65,rarndella6@studiopress.com
Godiva Impson,8035474812,xeitbj39,gimpsona7@vk.com
Tiertza Giron,4204367496,hwiygg34,tgirona8@bing.com
Noah Franzelini,5620057003,vhuakk59,nfranzelinia9@deviantart.com
Lanae Larchiere,1326257382,tyslex65,llarchiereaa@oaic.gov.au
Prinz Antonignetti,1630441279,yditie64,pantonignettiab@cafepress.com
Jakob Lorden,4053796954,hkxtyk26,jlordenac@t.co
Randell MacFarland,6089342734,vvugnj19,rmacfarlandad@slashdot.org
Marigold Jamary,943995698,mnakug64,mjamaryae@ifeng.com
Olimpia Dobbings,2260755720,eshcnn42,odobbingsaf@webnode.com
Celestyna Cabedo,2968954512,uexqjk79,ccabedoag@china.com.cn
Hamilton Kilcullen,1331136806,qxcoyq31,hkilcullenah@wikimedia.org
Frazier Haughian,6631149657,rtltui96,fhaughianai@cbc.ca
Val Denzey,2000307620,egaeqv47,vdenzeyaj@biblegateway.com
Lance Thomasset,5885620849,hnwdbi25,lthomassetak@sitemeter.com
Meg Boar,8853684232,urjyuc60,mboaral@canalblog.com
Brandtr Josef,6958872029,videbb82,bjosefam@youtube.com
Tine Sollam,1837331758,qfqeqy99,tsollaman@t.co
Chloe Perfect,1680099922,krkfot57,cperfectao@gizmodo.com
Briana Kording,2344294732,juokvf92,bkordingap@dell.com
Catie D'Cruze,9834966016,wxxvea00,cdcruzeaq@upenn.edu
Sherm Nast,2124372394,tokoif82,snastar@wp.com
Etta Scrancher,6485897259,csfght29,escrancheras@spotify.com
Cobbie Fawloe,4520653894,iqywxw86,cfawloeat@cyberchimps.com
Kristofer Wickersley,7509326524,mvskww44,kwickersleyau@blinklist.com
Verina Adolfson,6132482946,uqpkro98,vadolfsonav@symantec.com
Wilhelm Decreuze,2599596122,qbqvwz86,wdecreuzeaw@studiopress.com
Clo Wildbore,5314578751,atmtdl09,cwildboreax@earthlink.net
Jourdain Brushfield,6964781633,fdwfkk55,jbrushfielday@taobao.com
Daile Gorusso,589489003,pqbpkg31,dgorussoaz@free.fr
Vivyanne Standidge,3049396407,hdjuxk74,vstandidgeb0@usgs.gov
Belva Studdeard,6449753366,jwpfnx96,bstuddeardb1@list-manage.com
Gilberta Murdy,3138321186,omzzme08,gmurdyb2@admin.ch
Neal Camin,5233442426,rnyzec03,ncaminb3@com.com
Hervey Rought,7070532830,ikfcgx92,hroughtb4@list-manage.com
Gail Rands,5008018108,iamtxf42,grandsb5@mayoclinic.com
Hirsch Matyukon,5589610192,egsgoa88,hmatyukonb6@mlb.com
Barton Petrovykh,1451255802,hlofhv92,bpetrovykhb7@g.co
Samara Shanks,9439577185,kwycke71,sshanksb8@google.com
Juana Meighan,3876585511,sbacjw35,jmeighanb9@google.com.hk
Rory Pinfold,6802849038,etstax19,rpinfoldba@360.cn
Valeria Stilly,3004037904,buqtbo17,vstillybb@tripod.com
Christabella Zmitrichenko,535180527,nbhgco74,czmitrichenkobc@bloglines.com
Leland McVrone,8603996849,tsgeob48,lmcvronebd@goo.gl
Ancell Christauffour,7130121920,lllzfk02,achristauffourbe@walmart.com
Anita Evert,3204729737,udpbtq27,aevertbf@eepurl.com
Donovan Brantzen,776549960,mesodt42,dbrantzenbg@hao123.com
Roberto Larvin,8380669215,botboj44,rlarvinbh@google.de
Cash Hullin,8892261665,jrassb33,chullinbi@weather.com
Arty Jowitt,6426660078,zvuvdz05,ajowittbj@elegantthemes.com
Pennie Matevushev,6190051189,ovtequ20,pmatevushevbk@symantec.com
Jorry Ciraldo,1424193958,qkngjj35,jciraldobl@shinystat.com
Livvie Extil,7775638060,aqszhx97,lextilbm@google.cn
Jeanie Bussell,6741565272,xfvuxr73,jbussellbn@ftc.gov
Major Boatwright,2235263348,knxpjs01,mboatwrightbo@sphinn.com
Zachery Aikenhead,8035493175,vdbjcz80,zaikenheadbp@friendfeed.com
Sophia Volke,2308325534,yxcfot98,svolkebq@latimes.com
Fidelio De la Eglise,488037972,zhywdx37,fdebr@senate.gov
Cherie Norrey,3462408909,pcduqn16,cnorreybs@creativecommons.org
Ursola Lathom,3417665906,juaqif15,ulathombt@intel.com
Terrance Rolling,1138866725,secemu23,trollingbu@phpbb.com
Tracy Grandin,7223877766,fjxvon22,tgrandinbv@devhub.com
Benyamin Ducarne,2562065832,efkbyg57,bducarnebw@ucoz.ru
Reyna Dacres,5375783436,etcejv11,rdacresbx@networkadvertising.org
Dredi Fratson,8500218118,szlvim27,dfratsonby@fema.gov
Inna Watkiss,7755202992,apqfjr83,iwatkissbz@ucla.edu
Aurelea Janman,9424081677,xgjyam82,ajanmanc0@youtu.be
Carlos Keniwell,2280770695,vcsldv78,ckeniwellc1@hexun.com
Cullie St Louis,6573562364,hikmhv81,cstc2@tinyurl.com
Sukey Lankester,5050344530,zzphdw90,slankesterc3@oakley.com
Deanne Sheen,4542586723,nsrvrb02,dsheenc4@csmonitor.com
Wyatt Burras,691102015,gbzpwr50,wburrasc5@sun.com
Cletus Crissil,7783744362,pcsven31,ccrissilc6@ovh.net
Wallis Ockland,1513884948,fjyklt53,wocklandc7@unicef.org
Jeremy Hinze,9610479944,kxllva02,jhinzec8@dropbox.com
Ilyse Puckey,4252178924,kjjygk76,ipuckeyc9@etsy.com
Belle Waycott,4059149691,tohdrz38,bwaycottca@alexa.com
Lauritz Niven,272321745,wqztjo54,lnivencb@statcounter.com
Zak Sapson,2986430171,fuikjk42,zsapsoncc@bing.com
Evy Devey,2429290677,iqcrdt04,edeveycd@sphinn.com
Riccardo Bareham,2641146592,yaonhi57,rbarehamce@creativecommons.org
Benedikta Beddingham,8442405577,nalodh03,bbeddinghamcf@nhs.uk
Obadias Adamiec,5556253552,uisqzp66,oadamieccg@noaa.gov
Zelma Cromarty,4259284541,phgqzf84,zcromartych@biblegateway.com
Ambur Lenton,8895366425,gewurg98,alentonci@kickstarter.com
Melisent Ing,1859278833,iwqtrm34,mingcj@time.com
Winnie Puleston,8733281963,zhmxcq32,wpulestonck@netscape.com
Wyn Vondracek,9011854357,ysgecg88,wvondracekcl@dmoz.org
Isobel Halvosen,4968927851,blagvw69,ihalvosencm@bravesites.com
Sacha Esh,3932750357,xudgfz73,seshcn@usnews.com
Jens Dovidaitis,3358339181,uyqsrl01,jdovidaitisco@pbs.org
Gabi Betz,3821815450,snqcgv31,gbetzcp@nytimes.com
Toma Clorley,6471605900,edkaak08,tclorleycq@live.com
Kienan Duxfield,9701911296,wgjvin62,kduxfieldcr@deliciousdays.com
Fairlie Duffill,5204943684,fkrzbv36,fduffillcs@usatoday.com
Halley Melrose,528351427,fguwgv95,hmelrosect@nydailynews.com
Mose Pottie,9449698910,qhwyef35,mpottiecu@bravesites.com
Dorree McGaugan,5837567925,iucoai93,dmcgaugancv@tripod.com
Corabel Blaylock,5451140413,koearf63,cblaylockcw@scribd.com
Oliver Massot,9157997357,xgzvtx99,omassotcx@mac.com
Kilian Barenski,7148139783,uevdbc52,kbarenskicy@discuz.net
Giorgia Lantaph,979153565,zxeciq43,glantaphcz@wufoo.com
Barclay Cawkill,7167216623,vhbfvh47,bcawkilld0@cmu.edu
Edith Foskett,9752849083,iyildh03,efoskettd1@kickstarter.com
Ana cornhill,1321075588,jsmzwa72,acornhilld2@diigo.com
Iorgo Poland,2522341170,eldnhu43,ipolandd3@weather.com
Cacilie Carlisso,6218915603,hqjqfm30,ccarlissod4@mysql.com
Jolynn Yuryaev,5887424788,ubzdyh66,jyuryaevd5@google.cn
Verna Cadge,5162986925,ioyftg78,vcadged6@a8.net
Cammie Moncur,9258544102,ywkhvh98,cmoncurd7@wired.com
Tracey Bellas,7372825229,tlvzze34,tbellasd8@webnode.com
Abbe Mizzi,878991522,ldbvvv21,amizzid9@dailymail.co.uk
Geri Petrello,4842786221,dfoyaj00,gpetrelloda@posterous.com
Jeno Pragnall,4994447012,rcwxwf43,jpragnalldb@shop-pro.jp
Bibbie Lahrs,3690576709,gltoof17,blahrsdc@prnewswire.com
Sarena Klas,7986827440,jbxice46,sklasdd@guardian.co.uk
Nana Slides,6461188673,yevfjr09,nslidesde@simplemachines.org
Gareth Stichall,2984524926,sdrgdo85,gstichalldf@people.com.cn
Fionna Voff,6590838070,ahjlfl23,fvoffdg@comsenz.com
Skyler Allman,1353797155,tslcvq93,sallmandh@4shared.com
Bartel Maevela,8635378431,ojsvhb26,bmaeveladi@facebook.com
Roderigo Chamberlaine,8554576268,cywqhu60,rchamberlainedj@wisc.edu
Ber Attersoll,9069577046,ujpnnf10,battersolldk@columbia.edu
Tanya Wyles,8030273444,okbero46,twylesdl@geocities.com
Farah Lowdiane,5805742144,inmuue04,flowdianedm@wiley.com
Dacia Kermit,309778247,blssbx60,dkermitdn@behance.net
Alice Mc Harg,7714810858,uwcraa08,amcdo@odnoklassniki.ru
Bibbie Dankov,4972535881,hovqwh06,bdankovdp@opera.com
Patin Slany,699952654,gjxgcm35,pslanydq@fda.gov
Jerri Jozwiak,5223275314,zlsxpt68,jjozwiakdr@tamu.edu
Deb Goulborn,3791646133,lbodyf76,dgoulbornds@1688.com
Christine Colmer,7876745091,ycmepx28,ccolmerdt@addthis.com
Winna Gianullo,6609376816,bhoakz69,wgianullodu@jigsy.com
Megen Crookshank,2069433765,yuunhw61,mcrookshankdv@mapy.cz
Aubine Durdle,6415550454,mjjzfg13,adurdledw@ameblo.jp
Vinnie Whayman,3836606704,hkzxpd72,vwhaymandx@hubpages.com
Townsend Clee,7157115751,skeumk26,tcleedy@skyrock.com
Kaye Mattersey,7085914734,vvedmy18,kmatterseydz@stumbleupon.com
Dolf Cholwell,701977205,aaiwqh19,dcholwelle0@sogou.com
Tiffie Lindner,1773908030,tssjrh27,tlindnere1@ucsd.edu
Ginelle Kirwan,4597107282,eghwfe80,gkirwane2@furl.net
Blondell Roglieri,843124318,bpbtkw11,broglierie3@goo.ne.jp
Mirilla Yarnell,9188883159,nmcwii27,myarnelle4@prnewswire.com
Nappie Fradson,1629746843,otlqti90,nfradsone5@devhub.com
Spence Dunton,7045081154,wypphd42,sduntone6@blog.com
Mellisa Lovat,9071978524,bucmam60,mlovate7@sogou.com
Dom Phebee,2759744094,freaqm19,dphebeee8@posterous.com
Heda Pie,2110181133,rkirwz55,hpiee9@tinypic.com
Benedict Treece,8864794018,ibzaex62,btreeceea@sun.com
Kaitlyn Stille,9997759613,knmniz70,kstilleeb@army.mil
Robbi Beckham,457532327,zspmae02,rbeckhamec@desdev.cn
Conny Danilenko,5797975580,jcmtez76,cdanilenkoed@usnews.com
York McCandie,4585866779,fjrrky20,ymccandieee@ehow.com
Jeniece Castanho,7799175974,ulxmvm90,jcastanhoef@macromedia.com
Gerard Santori,316600466,emguin03,gsantorieg@google.es
Maren Dufaire,8418523344,ebejvt82,mdufaireeh@biblegateway.com
Barbee Mazzia,7942434249,wzvqbl19,bmazziaei@salon.com
Gwenni Aleksandrov,6673516968,mroqjd84,galeksandrovej@sun.com
Debor Winney,694775274,khtfhy04,dwinneyek@noaa.gov
Cora Tupie,6347345609,uugdbg79,ctupieel@nasa.gov
Holt Marunchak,843834668,dfqudo83,hmarunchakem@springer.com
Udale Hyndley,345688546,dckyye65,uhyndleyen@msu.edu
Toddie Udden,6234819710,viledr97,tuddeneo@discuz.net
Ki Orbell,3041485575,sybzjq85,korbellep@paypal.com
Addison Kirkpatrick,2497955220,ndqcnz67,akirkpatrickeq@pinterest.com
Leandra Cisland,3342211334,swafgf00,lcislander@infoseek.co.jp
Thebault McMillan,6266354160,vmbguf95,tmcmillanes@google.cn
Morie Screaton,6239423939,mipswf05,mscreatonet@miibeian.gov.cn
Casey Malletratt,6874877151,gwxero93,cmalletratteu@walmart.com
Shalna Duckers,7876927718,sfzuau35,sduckersev@forbes.com
Florida Farman,6397297772,flvjlu52,ffarmanew@ifeng.com
Dolf Langfield,7031257158,ejnihp49,dlangfieldex@guardian.co.uk
Brenda Cossey,6931868152,wozxrt53,bcosseyey@surveymonkey.com
Emalee Boadby,3257898452,eafmip28,eboadbyez@taobao.com
Astra Tatnell,4959764775,xrjodg31,atatnellf0@goodreads.com
Andrea Ryce,5680381125,dwlcvd21,arycef1@github.com
Nellie Duffield,4442297762,phydzv37,nduffieldf2@about.me
Peta Folcarelli,7863063310,jkejch50,pfolcarellif3@independent.co.uk
Dru Conring,834314800,nnacjv85,dconringf4@jiathis.com
Bree Ilsley,115331743,txbvmq71,bilsleyf5@lycos.com
Bink Swatland,7011516840,zlikst61,bswatlandf6@statcounter.com
Lynnea Stobbe,7667905541,lwlvms63,lstobbef7@rediff.com
Brennen Evreux,2821056451,mcjins67,bevreuxf8@mysql.com
Etti Bircher,6446381484,vkcwxv29,ebircherf9@google.co.uk
Tisha Keeney,6725933114,uhirjr35,tkeeneyfa@webs.com
Chev St. Hill,8962270811,yeqxkt37,cstfb@cafepress.com
Michale Brennen,4993266855,raajny20,mbrennenfc@fda.gov
Lalo Girardy,8908512926,uhiknk07,lgirardyfd@trellian.com
Griffy Brazier,3626147355,yqxdhl14,gbrazierfe@weebly.com
Curcio Leatherland,2080845993,anlpck02,cleatherlandff@wordpress.org
Richardo Sweetmore,3402247674,oxglnm62,rsweetmorefg@plala.or.jp
Bobbie de Marco,7250202790,nmqhag17,bdefh@umich.edu
Arlyn Chalk,5328795369,xwvxuo30,achalkfi@redcross.org
Ynes Berthod,20384904,jxphtp45,yberthodfj@canalblog.com
Willdon Oakman,1736251236,szjuyx66,woakmanfk@hexun.com
Bebe Franzke,3852598133,rpqpmq41,bfranzkefl@over-blog.com
Clarine Tallyn,1493315366,ppltem65,ctallynfm@joomla.org
Pearl Strothers,8695784339,fteyhr75,pstrothersfn@fc2.com
Damita Dubbin,3564258396,gwfhsb14,ddubbinfo@jugem.jp
Meghann Girdlestone,8640903190,kmzadb74,mgirdlestonefp@china.com.cn
Sandye Godehard.sf,9130293073,ennxwj52,sgodehardsffq@ning.com
Ferdinand Walkling,310551137,qylkwb52,fwalklingfr@smugmug.com
Almire Fattorini,2623143315,dbgwpz17,afattorinifs@pagesperso-orange.fr
Mallory Ambrosi,4079713398,yxxmik08,mambrosift@netvibes.com
Shayla Suffield,5249649599,arpkct27,ssuffieldfu@joomla.org
Corrie Bryenton,896796299,grhzkd09,cbryentonfv@cam.ac.uk
Thaine Soares,498421465,jwhbhn39,tsoaresfw@cdbaby.com
Jean Mixer,6308881007,kwzvki55,jmixerfx@google.cn
Sal Hanwell,8569729081,rrjwox42,shanwellfy@skyrock.com
Augusta Balas,2261909160,gocweo01,abalasfz@163.com
Rivi Cubley,8083696285,wiimfp55,rcubleyg0@deviantart.com
Raf Danter,2462625275,mauunl12,rdanterg1@ning.com
Diana Postgate,5174932647,xcsqzy29,dpostgateg2@wp.com
Stephen Shottin,1838128549,vqkqny14,sshotting3@washington.edu
Kally Summerlie,5692652919,ecbwrx69,ksummerlieg4@cdc.gov
Libby Butters,9103617432,wmppnh66,lbuttersg5@princeton.edu
Aubry Stephenson,4794181418,umpgyf80,astephensong6@hexun.com
Launce Marmyon,9156812310,igqexx60,lmarmyong7@alibaba.com
Johnna Standidge,9244524120,febnap97,jstandidgeg8@si.edu
Yasmin Dundon,4872924584,nerxrn58,ydundong9@nydailynews.com
Guilbert Newey,3857642424,skcpoj99,gneweyga@4shared.com
Britni Andreutti,6857587337,aedrsk58,bandreuttigb@jiathis.com
Trudy Howley,1147278032,hmyvtz94,thowleygc@walmart.com
Callida Brandreth,7322171446,nwuzog14,cbrandrethgd@accuweather.com
Aigneis Blesli,2147772852,ndmjrg41,ableslige@who.int
Karel Ricson,5857777992,qnttgv57,kricsongf@diigo.com
Elihu Neylon,9278383252,jaxhzq93,eneylongg@msu.edu
Cross Kiddye,3494817766,pxravj83,ckiddyegh@thetimes.co.uk
Millie Baggot,8932433879,hatsji48,mbaggotgi@phpbb.com
Jennilee Spanton,5673012454,lcdhek39,jspantongj@blogtalkradio.com
Ivette Rundle,1624135161,xkpise23,irundlegk@flickr.com
Devlin Motte,1564408752,wipphf48,dmottegl@vistaprint.com
Adara Strognell,6878974070,tmzprw44,astrognellgm@google.nl
Lorianne Fyfield,5299528272,gznqaf54,lfyfieldgn@vkontakte.ru
Karena Kynnd,6691082710,zqvdla35,kkynndgo@si.edu
Nicki Mossdale,3610786973,wphlnq13,nmossdalegp@tmall.com
Annelise Jeeks,1886483043,owzdst77,ajeeksgq@theatlantic.com
Nora Cockle,3915508578,ygljxq27,ncocklegr@mail.ru
Linzy Mouget,5169363885,ggvwon87,lmougetgs@irs.gov
Rosanne Krollmann,1831507560,shxzpx61,rkrollmanngt@gnu.org
Cornell Emsden,1674948212,kcdssk00,cemsdengu@nasa.gov
Petey Olechnowicz,4404629230,xtlxba09,polechnowiczgv@xrea.com
Halimeda Weth,6176098793,vtkucq80,hwethgw@mozilla.com
Julissa Ellerbeck,2620096707,ddpyjb84,jellerbeckgx@answers.com
Florella Whitwood,1693449854,vpfols95,fwhitwoodgy@mapy.cz
Todd Yonge,7649535541,dtoscq97,tyongegz@japanpost.jp
Dorey Dobbie,3256270557,lapynu50,ddobbieh0@hubpages.com
Jennifer Gimbart,6419804671,fhzwlv73,jgimbarth1@github.io
Prince Chessell,4396014724,chtsga03,pchessellh2@scientificamerican.com
Rurik Rozycki,2838531794,algszw84,rrozyckih3@virginia.edu
Antonio Gingles,812465318,gbmwst88,aginglesh4@geocities.jp
Jazmin Pattullo,8445196286,ddpuqe34,jpattulloh5@de.vu
Pepita Jordeson,646957694,spfnlw82,pjordesonh6@ucoz.ru
Gleda Poate,2084698375,fmscai68,gpoateh7@quantcast.com
Almira Aiton,8959801518,xaoaik37,aaitonh8@xinhuanet.com
Bunni Ilewicz,7365111828,whgxta30,bilewiczh9@tiny.cc
Elaine Coffin,7934097344,bcowbz91,ecoffinha@wunderground.com
Baldwin Plowes,3420225598,qkjhkg63,bploweshb@elegantthemes.com
Elle Petran,5444603160,phufvf76,epetranhc@slate.com
Shari Folker,5241320938,jdbhzb98,sfolkerhd@netvibes.com
Vanessa Fellini,6243845060,dnjtjb16,vfellinihe@nature.com
Hanson Yellop,2261554532,xilulj67,hyellophf@geocities.com
Alan Shrigley,8766323363,uxvkcc32,ashrigleyhg@gnu.org
Jessie Alstead,5667312093,cnnbny61,jalsteadhh@bravesites.com
Emmalynn Golby,5885069654,dmziyq54,egolbyhi@unesco.org
Kendall Rubinfeld,2365073387,lvkqeq20,krubinfeldhj@mtv.com
Julietta Blenkinsopp,9425713286,vxdfem42,jblenkinsopphk@theguardian.com
Buck Gritten,1475893124,olzvde49,bgrittenhl@cornell.edu
Ad Riolfi,810130440,ydgqfh64,ariolfihm@bandcamp.com
Jen Sandall,9515957524,smxwzu23,jsandallhn@netvibes.com
Gretel Saltrese,7562488991,ggxnsr12,gsaltreseho@parallels.com
Adi Chrystal,9702434742,jhemeb99,achrystalhp@google.co.uk
Buck Dissman,3228746240,pddbpp38,bdissmanhq@geocities.jp
Ulysses Brandon,5912712389,ardyvk47,ubrandonhr@surveymonkey.com
Tory Wapol,302166351,tayuib27,twapolhs@sina.com.cn
Joshia Marley,2552734367,scfqnl13,jmarleyht@yandex.ru
Saundra Wrightson,8175285036,ocjqcc03,swrightsonhu@miibeian.gov.cn
Charmane McInnery,7421902619,aeprrk05,cmcinneryhv@dion.ne.jp
Leonelle Muscroft,6374041682,tmnidg96,lmuscrofthw@army.mil
Berthe Vanyashin,5952647030,rlzqmx99,bvanyashinhx@java.com
Der Matteuzzi,3623652466,didxeb50,dmatteuzzihy@issuu.com
Wilbert Garford,2923251458,hwfkwm19,wgarfordhz@live.com
Tome Jenik,7642219407,hzstvr28,tjeniki0@nymag.com
Jameson Fernely,1669726533,mjimpl87,jfernelyi1@pbs.org
Mickie Ferronier,878522999,szftvt63,mferronieri2@odnoklassniki.ru
Wilburt Whitaker,8794535752,dvhoiv16,wwhitakeri3@soundcloud.com
Michail Ellgood,5111021434,lhovmc28,mellgoodi4@amazon.com
Queenie Lehrahan,1735061239,vwrijp25,qlehrahani5@vistaprint.com
Shana Sawer,414283236,srrmia14,ssaweri6@simplemachines.org
Michal Smithson,9966029583,ifgmhl86,msmithsoni7@technorati.com
Matelda Giorgi,9976275145,rvscjk70,mgiorgii8@statcounter.com
Farica Cluley,8698858805,rnmzij73,fcluleyi9@gov.uk
Archer Tindall,6517135812,osorcm77,atindallia@t-online.de
Alyse Lyddiatt,447511637,ttgrby80,alyddiattib@tumblr.com
Aldridge Fishlock,8508455488,vxkhtd49,afishlockic@imageshack.us
Lee Becket,7274575929,sqdbvx02,lbecketid@accuweather.com
Davie Petschel,7923816530,dxvmhv23,dpetschelie@google.com.hk
Mortimer Mantrup,9580026750,gbenly94,mmantrupif@trellian.com
Eb Studdal,9962628571,vmriet23,estuddalig@oakley.com
Paolo Malmar,7787756799,mooaep91,pmalmarih@webs.com
Madlin Guion,3354621931,cbhhra41,mguionii@latimes.com
Roda Rozsa,3035614466,vvnosi16,rrozsaij@yale.edu
Lowell Briereton,4485585808,ikfquz29,lbrieretonik@rediff.com
Fran Pawnsford,2066992348,jwtxoy18,fpawnsfordil@typepad.com
Ned Kellington,8598294292,foaqrl16,nkellingtonim@canalblog.com
Tomaso Abrahart,7902433004,ossecb05,tabrahartin@behance.net
Germain Parmley,8990665701,mleooo48,gparmleyio@google.co.uk
Rich Keys,375098364,xkyvtx40,rkeysip@jalbum.net
Addy Dowell,2336552639,kklgkp59,adowelliq@joomla.org
Elaine Bryett,6834966781,kzwitw93,ebryettir@jalbum.net
Melonie Sproat,8139182192,oijcyx22,msproatis@engadget.com
Tate Erington,8713019228,myisza61,teringtonit@yandex.ru
Marijo Whyler,2736834844,mklbif42,mwhyleriu@stumbleupon.com
Shannen Lardez,5023489159,mpkqoy87,slardeziv@ameblo.jp
Ginnie Mosdill,8976190769,lpatpw64,gmosdilliw@mediafire.com
Artie Snoxell,864640544,bwtdnh77,asnoxellix@sohu.com
Kristel Noods,8518341949,itqbss99,knoodsiy@google.pl
Berenice Oldcroft,4340629642,ovzykc60,boldcroftiz@shinystat.com
Ellery Hayman,7575096736,cddnic44,ehaymanj0@cnet.com
Babs Densumbe,9075769377,xnaduz00,bdensumbej1@quantcast.com
Ronalda Chaston,8201390393,rwoput57,rchastonj2@eventbrite.com
Rolland Mauro,9260201616,eknumm58,rmauroj3@walmart.com
Adelind Hubbocks,3123077780,cevrpl24,ahubbocksj4@buzzfeed.com
Alex Kinworthy,563959959,zwjhmw10,akinworthyj5@nifty.com
Deeyn Flaune,7999966150,hatmjo99,dflaunej6@nydailynews.com
Nerta Delia,1621685829,hqytas40,ndeliaj7@timesonline.co.uk
Janette MacCleay,1661916872,fpawcg99,jmaccleayj8@bbc.co.uk
Gerry Kubes,6381369558,ogdbse54,gkubesj9@angelfire.com
Gnni Tideswell,4288032369,rylfjd78,gtideswellja@virginia.edu
Gallard Fealey,59637811,tugipa12,gfealeyjb@vkontakte.ru
Joli Divver,8918787677,aartdh54,jdivverjc@twitter.com
Shelden Darrigone,1215013213,gsuays56,sdarrigonejd@joomla.org
Ardisj Ateggart,3441298659,mylxgm24,aateggartje@mayoclinic.com
Laird Ochterlony,5874263020,nwnoiu68,lochterlonyjf@aboutads.info
Gerrie McAtamney,4825744036,qgqpoz95,gmcatamneyjg@google.it
Fredericka Dykas,5107607799,bfwzzn36,fdykasjh@themeforest.net
Eduardo Gadault,3929120127,acyxsj67,egadaultji@columbia.edu
Kelsi Arboin,5927097359,qaanfj33,karboinjj@delicious.com
Timmie Wixey,7713181857,uxbpdp39,twixeyjk@un.org
Talya Lenham,5545755365,bdiesm18,tlenhamjl@bandcamp.com
Brenda Gamlin,7574849757,dstobv49,bgamlinjm@xing.com
Rosalind Gouldsmith,1061100480,srmvrv54,rgouldsmithjn@java.com
Orion Gleaves,4109522110,udlcce17,ogleavesjo@dailymail.co.uk
Cece Murison,9752809294,tmbpzf87,cmurisonjp@yelp.com
Arvin Badder,2037130929,mijyfo48,abadderjq@slate.com
Ferguson Allibone,1766871666,hzlyyo74,fallibonejr@exblog.jp
Ericka Lunck,856480622,cxuzsf98,elunckjs@miibeian.gov.cn
Orsa Purbrick,1933161361,bqwwwj88,opurbrickjt@blogger.com
Stanley Avery,3767770288,nqoerg57,saveryju@github.io
Oswell Tite,2171775955,eqiqhs64,otitejv@admin.ch
Lusa Beccero,4563023639,cnxvxd33,lbeccerojw@cornell.edu
Yasmeen Brace,8948877690,ygxdzb62,ybracejx@usnews.com
Avrom Colenutt,529446367,xzsdgm99,acolenuttjy@huffingtonpost.com
Vita Dello,2902054017,zaopey62,vdellojz@cnbc.com
Katleen Moyce,5880596842,yxnbuw27,kmoycek0@google.ca
Pate Kitchiner,4138594949,uegtnm43,pkitchinerk1@wired.com
Quincy Whitely,1269279807,hsqqab81,qwhitelyk2@youtube.com
Bertina Gerard,1965772072,ywgwmc70,bgerardk3@barnesandnoble.com
Vonnie Tchaikovsky,8354695409,hqdwjr96,vtchaikovskyk4@alibaba.com
Nina Shimmans,5559771708,qocpkw11,nshimmansk5@icio.us
Grayce Joderli,74114700,dztmhj46,gjoderlik6@forbes.com
Darby Miner,882105299,ekpjii59,dminerk7@ox.ac.uk
Edna Korfmann,1110038208,cvaeux41,ekorfmannk8@homestead.com
Rory Jobling,1103357867,ogplzu76,rjoblingk9@mapquest.com
Rob Ancell,8780339875,iukccv86,rancellka@reference.com
Marj Coltart,164430598,hhtktn26,mcoltartkb@livejournal.com
Raoul Bonevant,885732944,yrfodd43,rbonevantkc@wiley.com
Tammie Snell,7963877433,qmpkhc49,tsnellkd@statcounter.com
Dominique Yellowlees,9419271552,ngtqlt05,dyellowleeske@sciencedaily.com
Hansiain Wyleman,6927883126,nywkwa95,hwylemankf@shareasale.com
Boigie Noseworthy,2349070271,dxmzsn88,bnoseworthykg@amazon.de
Harriot McVeagh,9373932128,cuyeia80,hmcveaghkh@bluehost.com
Bucky Gelsthorpe,4568229677,bndstk54,bgelsthorpeki@creativecommons.org
Rheta Gorsse,8188995312,bmfjqb67,rgorssekj@arstechnica.com
Rutger Culham,2826005081,wvbuid04,rculhamkk@paginegialle.it
Anni Gawkes,314882391,udyayo69,agawkeskl@answers.com
Eirena Petris,4124747284,vvsjsq59,epetriskm@cargocollective.com
Court Otto,2131690096,vhfioa49,cottokn@desdev.cn
Catlaina Speller,9494534220,gtysiw51,cspellerko@mysql.com
Perl Fritschel,9199715333,sqesnq02,pfritschelkp@bbc.co.uk
Katheryn Sambell,6871447350,hpveeb39,ksambellkq@fastcompany.com
Teodoor Schwerin,6658611084,hmgiff27,tschwerinkr@posterous.com
Kitty Restill,8257371114,abcrhg93,krestillks@comsenz.com
Eldridge Cartlidge,1919036415,ghngce93,ecartlidgekt@friendfeed.com
Dav covino,891584978,yifuur41,dcovinoku@ehow.com
Lamond Godly,1591526493,qbxnyd60,lgodlykv@tripod.com
Mariann Hunsworth,3677827442,jwilsx89,mhunsworthkw@netlog.com
Amble McConnachie,807167266,znvonn17,amcconnachiekx@buzzfeed.com
Madelon Vinten,6100307685,bypnwe86,mvintenky@nymag.com
Oby Tabbernor,4327614092,jzxtkz00,otabbernorkz@reddit.com
Westley Crinage,739704885,awzjqv57,wcrinagel0@webmd.com
Indira Pomery,8167781526,umxtue65,ipomeryl1@wikispaces.com
Wilhelmine Mehew,4074937263,emwjwd61,wmehewl2@thetimes.co.uk
Brnaby Zorzetti,952808161,ktehjt99,bzorzettil3@clickbank.net
Serene Watmore,4706790751,zxxyly80,swatmorel4@jugem.jp
Helena Dougher,4117555359,zzwqsk13,hdougherl5@cdc.gov
Polly Trimmill,1500605689,wwugor27,ptrimmilll6@auda.org.au
Thayne Bowmaker,5195049041,aephut27,tbowmakerl7@yandex.ru
Sadye Genney,7925240113,woaymm03,sgenneyl8@yahoo.com
Madelyn Tomsett,4714900374,lwjiva45,mtomsettl9@ameblo.jp
Cassandry Fossick,9928804281,zwydbj73,cfossickla@is.gd
Mavis Buttress,5258678504,kryrnd15,mbuttresslb@blogtalkradio.com
Claiborn MacDonogh,7323255953,ssgjag76,cmacdonoghlc@tmall.com
Tori Hidderley,3454120950,tbbvsa66,thidderleyld@tmall.com
Yoshiko Antoniat,1607805731,xeksmb68,yantoniatle@tripadvisor.com
Marja Stradling,7234994335,tsnppd08,mstradlinglf@msn.com
Roma Elderidge,5816451197,bjtrju73,relderidgelg@blogs.com
Rory Collinette,1933230991,wkxbms02,rcollinettelh@prlog.org
Bridget Cossons,5826463511,grrxqo79,bcossonsli@army.mil
Rockwell Kingswood,7382335143,etxuje33,rkingswoodlj@slideshare.net
Darleen O'Crowley,2099057036,txupzk75,docrowleylk@ft.com
Kimball Ewers,8845296768,giohqy78,kewersll@lycos.com
Minnaminnie Jeffries,4018232632,fromhh54,mjeffrieslm@tinyurl.com
Isak Adamovich,6753675582,ltczoa48,iadamovichln@addthis.com
Kimbra Summerbell,7378123242,dojiqq89,ksummerbelllo@flickr.com
Aile Costain,8957098968,gehpzp16,acostainlp@wsj.com
Yale Espinho,6547500233,dlnbxd36,yespinholq@51.la
Welbie Orcas,6904877812,mjsxxl50,worcaslr@storify.com
Noella Athy,8741850106,wdffsi41,nathyls@latimes.com
Keene Rubinek,7369244768,mhapky82,krubineklt@squarespace.com
Bev Graver,3047435812,iqlrjj00,bgraverlu@4shared.com
Alma Paliser,5091055231,vutvuy96,apaliserlv@miitbeian.gov.cn
Terrel Sydney,1056035501,usukew64,tsydneylw@mozilla.org
Kellie Gagg,9377485126,qaptqg73,kgagglx@netscape.com
Ranice Preddy,4407143053,yjmode16,rpreddyly@studiopress.com
Dannie Larret,4268407804,dcgscn59,dlarretlz@craigslist.org
Andeee Jarrelt,7896321300,ewcany28,ajarreltm0@nhs.uk
Zebadiah Galloway,4085460404,ypzbsw00,zgallowaym1@cloudflare.com
Rodie Jozwik,5486726,dbswkw51,rjozwikm2@google.es
Fayette Sliman,361773803,bjlonc02,fslimanm3@livejournal.com
Rois Anstey,1883553601,ugzhta50,ransteym4@omniture.com
Roch Chew,2465305522,kumrxt55,rchewm5@youtu.be
Ellwood McCarle,4629733434,ecimly24,emccarlem6@digg.com
Minne Taylot,3866702744,tqmarn50,mtaylotm7@prlog.org
Tracee Zanicchi,6750028934,kgibyu89,tzanicchim8@joomla.org
Mac Leckey,9411195261,glitpb97,mleckeym9@bbb.org
Guglielma Izchaki,3949916881,hmgpfy48,gizchakima@bloomberg.com
Flori Gobel,4564687573,mwhowx43,fgobelmb@freewebs.com
Eolande Tarburn,7785033129,rrfaen84,etarburnmc@cdc.gov
Jeanette Layzell,141644281,vuhixj81,jlayzellmd@trellian.com
Raffaello Davage,3853924271,iasfeo42,rdavageme@walmart.com
Reta Winchcum,3578958093,zizisd09,rwinchcummf@newyorker.com
Casey Mongan,6002450580,hmiurr73,cmonganmg@unicef.org
Annice Sommerville,7041761800,uutoor69,asommervillemh@elpais.com
Ulick Linfield,9114664151,lsqsmd81,ulinfieldmi@reverbnation.com
Edward Thursfield,5052184530,sdyhpw35,ethursfieldmj@intel.com
Weston Nunnerley,304916722,zbqavr02,wnunnerleymk@vkontakte.ru
Andeee Oakland,8367261852,pcljqh40,aoaklandml@weather.com
Eberhard Miere,9289448466,oktryt63,emieremm@blinklist.com
Carley Dewick,5789290175,vyykub01,cdewickmn@ft.com
Dorthy Raleston,3871480592,eikqet92,dralestonmo@lycos.com
Gilbert Eilhersen,7454443435,zfamuh56,geilhersenmp@marriott.com
Letizia Fido,3365724397,gjzcio51,lfidomq@ebay.com
Meryl Embleton,2517747342,wwpdcb46,membletonmr@arizona.edu
Justinn Housby,883315629,ynauqg56,jhousbyms@marriott.com
Raynell Tenman,4043305273,gxuurj46,rtenmanmt@parallels.com
Barbaraanne Flawith,8007871241,xysgpo30,bflawithmu@unicef.org
Tani Krojn,4650349826,kpysfn91,tkrojnmv@qq.com
Dwayne McGinley,7386858361,mifdep85,dmcginleymw@altervista.org
Shirlene Ault,4922144323,dpjafg54,saultmx@pbs.org
Conan Greetland,4423801930,ulnvdy93,cgreetlandmy@surveymonkey.com
Donni Tume,8581775071,aetdlx78,dtumemz@illinois.edu
Murielle Chinnock,3913377123,apsrsj93,mchinnockn0@symantec.com
Grady Lyver,9389344921,glqgoi72,glyvern1@yolasite.com
Barbee Wraighte,4788199475,itrsnu80,bwraighten2@marketwatch.com
Pegeen Derrington,4936939587,jatnst58,pderringtonn3@sitemeter.com
Marybelle Kettlesing,4932152418,wgrurp85,mkettlesingn4@dropbox.com
Margeaux Standbrooke,461903822,osygli93,mstandbrooken5@usda.gov
Gilles Shields,5847072082,qczixq37,gshieldsn6@cdbaby.com
Eloisa Sabathe,3544523698,pfjobf74,esabathen7@fastcompany.com
Tait Mougin,6167496498,kqxjgo82,tmouginn8@purevolume.com
Adham Pantlin,2451269537,upyila20,apantlinn9@virginia.edu
Alyssa Radnedge,8004876706,utdqgm79,aradnedgena@independent.co.uk
Thane Rraundl,1177771853,zuqjtj37,trraundlnb@gmpg.org
Sophronia Tredger,668224339,qhywxt22,stredgernc@hostgator.com
Jamie Grzegorczyk,1541338812,gzznhu41,jgrzegorczyknd@so-net.ne.jp
Nicky Board,6334692186,owphvr73,nboardne@theguardian.com
Paola Brownsell,844874256,hxacbs32,pbrownsellnf@ca.gov
Franklin Rankin,5349839683,jqkfxd88,frankinng@apache.org
Curt Smalls,5685077947,ltruqd90,csmallsnh@jalbum.net
Ferguson Goodere,6933114791,bbdtao35,fgoodereni@eventbrite.com
Vic Troake,4905519160,pmtrqs50,vtroakenj@feedburner.com
Worden Venour,8460776751,kiaiub13,wvenournk@wiley.com
Eddy Solesbury,979329523,aenvyb33,esolesburynl@europa.eu
Sioux Jiracek,6044475255,dyqdsw02,sjiraceknm@ed.gov
Ashil MacGall,7662763366,qctigv35,amacgallnn@foxnews.com
Jose Vanelli,4516245736,ijsskh93,jvanellino@nydailynews.com
Marinna Llewelyn,8509404747,cidzqf48,mllewelynnp@patch.com
Rutter Eckart,9011922174,gmrlxa42,reckartnq@rakuten.co.jp
Alta Bignell,2603185667,yvbzub71,abignellnr@icq.com
Renell Macvey,8694407221,pzxdca38,rmacveyns@cpanel.net
Jock Blade,7363006202,sfbqey50,jbladent@ucsd.edu
Deb Gritsunov,3100827902,ajtjfy95,dgritsunovnu@ucoz.com
Julia Kaines,1405137703,znlxli17,jkainesnv@furl.net
Rosemarie Muglestone,4434692127,acbgty97,rmuglestonenw@yale.edu
Meghann Stockow,9375216918,objmle79,mstockownx@guardian.co.uk
Cyril Kalkhoven,7926615951,rtikxp26,ckalkhovenny@issuu.com
Reinaldos Ariss,8352603922,nfystm75,rarissnz@istockphoto.com
Dunn Andreopolos,1342838637,mxsvtb15,dandreopoloso0@cnn.com
Jandy Cruden,8828428821,rpmldm46,jcrudeno1@booking.com
Forrester Yakovitch,9942921486,mogkbp81,fyakovitcho2@cnet.com
Therese Valentelli,9531322228,cyvnab15,tvalentellio3@pinterest.com
Leone Lowson,7757387396,pnjear80,llowsono4@blogs.com
Anthony Scupham,3511603730,fsfsfh60,ascuphamo5@godaddy.com
Andree Clawe,9008870630,rksrib91,aclaweo6@jimdo.com
Stefania Androli,5799068203,jqnwcx67,sandrolio7@ycombinator.com
Adam Havis,3573219527,dwtgia45,ahaviso8@elpais.com
Andrej Sievewright,4148307497,myqzkw47,asievewrighto9@miitbeian.gov.cn
Elbert Tummond,4479315497,yputas03,etummondoa@drupal.org
Brew Sevior,6718423882,drhiwr04,bseviorob@mac.com
Rowney Gorioli,7723849176,vrnysv97,rgoriolioc@walmart.com
Issy Bernolet,1947920987,kvwsfw00,ibernoletod@people.com.cn
Lovell Place,9008819031,eixuea95,lplaceoe@4shared.com
Abraham Lideard,7569904672,yebjng27,alideardof@hugedomains.com
Walton Ell,6240794007,spoufw26,wellog@businessinsider.com
Cordey Lothlorien,672347466,sohash01,clothlorienoh@oracle.com
Arly MacAughtrie,4151812016,yvutyf41,amacaughtrieoi@wix.com
Carce Mingardo,4063127702,tcpjej14,cmingardooj@stanford.edu
Melodie Lascelles,1129915980,feefol52,mlascellesok@indiatimes.com
Jess Comizzoli,3050500751,mdmlei56,jcomizzoliol@globo.com
Breena Mewha,7349899386,awkdpp47,bmewhaom@yandex.ru
Anna Wheeldon,3643279779,mxpaes16,awheeldonon@tmall.com
Lydia Bovis,2398882349,dcmwwp31,lbovisoo@google.com.hk
Vida Glendza,7694243317,gwgnia29,vglendzaop@independent.co.uk
Gillie Christal,3171956586,gmnvgj61,gchristaloq@psu.edu
Kacie Draycott,2669252389,ioluzv94,kdraycottor@sciencedirect.com
Angy Kuhnke,4117258427,qqyoyu11,akuhnkeos@woothemes.com
Valeria Giametti,4782031289,ibphdb33,vgiamettiot@sun.com
Kaiser Gotliffe,4694609653,bwvqew37,kgotliffeou@engadget.com
Marlo Wickersley,5884832443,vrxmfm98,mwickersleyov@about.com
Manya Rosewall,9190630270,kxugob32,mrosewallow@eventbrite.com
Mariana Litt,9547562614,cbscki49,mlittox@economist.com
Adam Ferruzzi,1755068115,gcpbsb18,aferruzzioy@networkadvertising.org
Jennifer McKew,2682565387,nxooic36,jmckewoz@adobe.com
Dara Goscomb,6233702615,ewprrs38,dgoscombp0@last.fm
Bernadette McCormick,3959100213,ddlpoo19,bmccormickp1@salon.com
Justinn Golsthorp,4011616869,gkwnlf55,jgolsthorpp2@ibm.com
Desi Byrne,752102257,egkkqw79,dbyrnep3@nbcnews.com
Lian Morrott,7032334369,uduusc57,lmorrottp4@dell.com
Janey Renad,5556277370,mviyga21,jrenadp5@mapquest.com
Broderic Willoughby,5768188193,lujvug50,bwilloughbyp6@cafepress.com
Willamina Abercromby,5232877879,xqctdr93,wabercrombyp7@privacy.gov.au
Horace Cutchie,5617099914,ocqlhc19,hcutchiep8@npr.org
Leonore Mattaser,3007020719,uyhfmy98,lmattaserp9@jimdo.com
Lotte Philipard,9364290887,dqqjuc19,lphilipardpa@instagram.com
Helaine Crosher,8049607895,bdwszl76,hcrosherpb@rambler.ru
Freddie Nussen,1723135569,igussa18,fnussenpc@si.edu
Lacee Balderson,5518583117,vlahym97,lbaldersonpd@admin.ch
Flory Vannuccini,9226606935,eduwuy53,fvannuccinipe@paypal.com
Lian Pengelly,481175334,qpmziz24,lpengellypf@umich.edu
Donni Muskett,701013826,vuvmqy97,dmuskettpg@va.gov
Gisella Savil,1309297940,cufayr45,gsavilph@usnews.com
Bidget Vango,3186944600,ylovhk46,bvangopi@vkontakte.ru
Jewell Erwin,2756078697,uduzzo30,jerwinpj@scribd.com
Georgianne Pate,1017721165,giycww44,gpatepk@hibu.com
Ryann Loyd,6045293037,bzwmox48,rloydpl@blogs.com
Moritz Laville,7647132202,mwbvfz66,mlavillepm@dell.com
Caria Turbefield,4509793863,bvisvc01,cturbefieldpn@narod.ru
Franky Maidlow,5930193258,cvwsjw78,fmaidlowpo@oakley.com
Xenos Crookes,3801325970,hfbyfh17,xcrookespp@livejournal.com
Christel Standeven,6896707828,gbjqyf93,cstandevenpq@wunderground.com
Etienne Halling,4489752377,zfdets65,ehallingpr@go.com
Hadrian Rey,1527498328,vthpao26,hreyps@ameblo.jp
Wilhelm Delamere,2847937226,zeceib60,wdelamerept@moonfruit.com
Leila Bardill,9599865669,iwkwpg14,lbardillpu@disqus.com
Orazio Hunton,6874325825,bnlisn98,ohuntonpv@tmall.com
Aubrey Pinch,2822601283,qrxggu56,apinchpw@answers.com
Isabella Kenwright,8216873239,pmhebp36,ikenwrightpx@businesswire.com
Alanah Valintine,4666169962,xgrbjf93,avalintinepy@zimbio.com
Lilyan Carbert,3976142239,dejovl10,lcarbertpz@naver.com
Penny Durston,3957438357,deytii24,pdurstonq0@freewebs.com
Daveen Chritchlow,2765291365,veznvv61,dchritchlowq1@oakley.com
Udell Corbin,8233857874,gqnxgo08,ucorbinq2@marriott.com
Gallagher Semrad,5131310164,rkftoj45,gsemradq3@chicagotribune.com
Harli Grumell,1163595616,uxxait96,hgrumellq4@bluehost.com
Meggy Filippozzi,1991926316,rokldk78,mfilippozziq5@e-recht24.de
Arliene Kyteley,2091580260,hxbwll60,akyteleyq6@free.fr
Nissy Plaster,7233683476,osaigs05,nplasterq7@indiegogo.com
Carce Britnell,9002805055,bzqtkq52,cbritnellq8@seesaa.net
Georgi Toler,6420289025,acynxy94,gtolerq9@yellowpages.com
Laurel Haley,6626691511,mqghyb96,lhaleyqa@geocities.jp
Jerrome Chatfield,6688059517,vnqmwp10,jchatfieldqb@mozilla.com
Francklin Tripean,8498399793,llxgxc73,ftripeanqc@intel.com
Findley Jorez,1479033715,vzjmzx55,fjorezqd@vinaora.com
Eileen Boler,3209931658,sgezfi95,ebolerqe@google.com.br
Halsy Witheridge,7459651621,blhzjc90,hwitheridgeqf@oaic.gov.au
Deni Robertet,1989542883,drqzsv49,drobertetqg@accuweather.com
Mathilda Blanko,6126763750,ekcdlt70,mblankoqh@moonfruit.com
Simon Blucher,4674758378,avtlyi42,sblucherqi@bigcartel.com
Karole Wallbridge,3209154082,lpdooc52,kwallbridgeqj@xing.com
Walt Fosken,2682941311,ystcno70,wfoskenqk@drupal.org
Rickert Welch,8059729624,gqzjxd67,rwelchql@sciencedirect.com
Tatum Monck,8860789710,cbwfpe61,tmonckqm@rakuten.co.jp
Gilemette McCaw,2991774274,lziskq17,gmccawqn@hugedomains.com
Angy Kidman,4789774678,yxnnso42,akidmanqo@wufoo.com
Devin McMillan,6592983175,pgjllk64,dmcmillanqp@discovery.com
Lianna Moorwood,164987371,ubfpzt31,lmoorwoodqq@github.com
Rudolfo Anespie,1898001367,csnwhs56,ranespieqr@businessweek.com
Caren Trouel,4740567601,ridkpn71,ctrouelqs@nps.gov
Melessa Inston,8579145864,trpyze33,minstonqt@com.com
Tate Purdon,7289667662,bvrish99,tpurdonqu@chicagotribune.com
Zebadiah Frisel,910856834,hrjdtn13,zfriselqv@digg.com
Ibbie Janicijevic,1741522323,yihvxf07,ijanicijevicqw@woothemes.com
Jolyn Bentinck,884165930,cwitlu34,jbentinckqx@businessinsider.com
Tito Gianolo,8163663839,ibtpwc67,tgianoloqy@yale.edu
Julienne Liveing,2345681020,dgdwpp08,jliveingqz@scientificamerican.com
Rowen Abramovicz,9713923685,iysgyo89,rabramoviczr0@slashdot.org
Giff Menichi,5614306641,rgoqts49,gmenichir1@lulu.com
Lucia Pues,4241093949,wsormz48,lpuesr2@spotify.com
Derby Arnaudi,279923600,vovkxn94,darnaudir3@geocities.jp
Domenic McIlriach,6792755060,fshpuc79,dmcilriachr4@networkadvertising.org
Marcile Cronk,7597125240,fsalub29,mcronkr5@people.com.cn
Maryjo Muckeen,9037959660,ntoufi52,mmuckeenr6@lycos.com
Hermie Ozanne,2939666881,ksitcc27,hozanner7@cloudflare.com
Robin Gozzard,9082515539,atxebm69,rgozzardr8@bing.com
Myra Pyer,8005712170,nsgooh87,mpyerr9@who.int
Gladys Bredgeland,5199022288,liuqzs07,gbredgelandra@xinhuanet.com
Winifred Maidens,9141470397,wlklqi39,wmaidensrb@bandcamp.com
Waverley Eddoes,6205251264,ylthkx36,weddoesrc@admin.ch
Reece Furlong,7411779989,iojrbv95,rfurlongrd@unicef.org
Hedvige Littley,9741350066,shpmri97,hlittleyre@zdnet.com
Lorri Sylett,8572906185,yxzylu92,lsylettrf@sogou.com
Jennilee Munden,2461512248,esazyp23,jmundenrg@over-blog.com
Tabatha Heigho,4038726703,azcjdu21,theighorh@symantec.com
Dicky McGillivrie,842463437,zvesax23,dmcgillivrieri@stanford.edu
Ruben Tidcombe,1299647154,tbmqec27,rtidcomberj@statcounter.com
Winna Deesly,8529528956,oftgtx01,wdeeslyrk@hostgator.com
Brianna Dumbrill,731571835,faojac96,bdumbrillrl@slideshare.net
Leonore Pinnigar,1406990914,nypnsw53,lpinnigarrm@delicious.com
Randolph Pfleger,3181123102,locxkm52,rpflegerrn@whitehouse.gov
Jennica Cicchitello,1444333941,bppsub49,jcicchitelloro@shop-pro.jp
Chelsey Lennie,3214667823,bayuhi25,clennierp@accuweather.com
Monte Plevey,571366910,ywtiga80,mpleveyrq@homestead.com
Arlen Thompson,1013696786,jtfima70,athompsonrr@exblog.jp
